scenario,M,Lc,lambda,d,kappa,chi_geom,chi_distance,x_argument,eps_theory,eps_measured,eps_noisy,passes_scaling
"M=0.0,Lc=0.3,λ=5.32e-07,d=0.1",0.0,0.3,5.32e-07,0.1,1.5518527311188417e-11,0.49,1.2765843668935803,0.33333333333333337,0.0,0.0,4.967141530112327e-09,True
"M=0.0,Lc=0.3,λ=5.32e-07,d=0.15",0.0,0.3,5.32e-07,0.15,1.5518527311188417e-11,0.49,0.9244190712276656,0.5,0.0,0.0,-1.3826430117118466e-09,True
"M=0.0,Lc=0.3,λ=5.32e-07,d=0.2",0.0,0.3,5.32e-07,0.2,1.5518527311188417e-11,0.49,0.696769988598061,0.6666666666666667,0.0,0.0,6.476885381006925e-09,True
"M=0.0,Lc=0.3,λ=5.32e-07,d=0.25",0.0,0.3,5.32e-07,0.25,1.5518527311188417e-11,0.49,0.5375080569243935,0.8333333333333334,0.0,0.0,1.5230298564080255e-08,True
"M=0.0,Lc=0.3,λ=5.32e-07,d=0.3",0.0,0.3,5.32e-07,0.3,1.5518527311188417e-11,0.49,0.42102443824070834,1.0,0.0,0.0,-2.34153374723336e-09,True
"M=0.0,Lc=0.3,λ=5.32e-07,d=0.4",0.0,0.3,5.32e-07,0.4,1.5518527311188417e-11,0.49,0.2661369635941187,1.3333333333333335,0.0,0.0,-2.3413695694918056e-09,True
"M=0.0,Lc=0.3,λ=5.32e-07,d=0.5",0.0,0.3,5.32e-07,0.5,1.5518527311188417e-11,0.49,0.1726382606767304,1.6666666666666667,0.0,0.0,1.5792128155073916e-08,True
"M=0.25,Lc=0.3,λ=5.32e-07,d=0.1",0.25,0.3,5.32e-07,0.1,1.5518527311188417e-11,0.49,1.2765843668935803,0.33333333333333337,1.0720035313649893e-06,1.3685029493952572e-06,1.4525218846203858e-06,True
"M=0.25,Lc=0.3,λ=5.32e-07,d=0.15",0.25,0.3,5.32e-07,0.15,1.5518527311188417e-11,0.49,0.9244190712276656,0.5,1.0720035313649893e-06,9.909805088172012e-07,9.537613115491643e-07,True
"M=0.25,Lc=0.3,λ=5.32e-07,d=0.2",0.25,0.3,5.32e-07,0.2,1.5518527311188417e-11,0.49,0.696769988598061,0.6666666666666667,1.0720035313649893e-06,7.469398883262648e-07,7.793606673955763e-07,True
"M=0.25,Lc=0.3,λ=5.32e-07,d=0.25",0.25,0.3,5.32e-07,0.25,1.5518527311188417e-11,0.49,0.5375080569243935,0.8333333333333334,1.0720035313649893e-06,5.762105351600836e-07,5.54848442617834e-07,True
"M=0.25,Lc=0.3,λ=5.32e-07,d=0.3",0.25,0.3,5.32e-07,0.3,1.5518527311188417e-11,0.49,0.42102443824070834,1.0,1.0720035313649893e-06,4.513396845850002e-07,4.3452349897874026e-07,True
"M=0.25,Lc=0.3,λ=5.32e-07,d=0.4",0.25,0.3,5.32e-07,0.4,1.5518527311188417e-11,0.49,0.2661369635941187,1.3333333333333335,1.0720035313649893e-06,2.8529976479965086e-07,2.9082230713310515e-07,True
"M=0.25,Lc=0.3,λ=5.32e-07,d=0.5",0.25,0.3,5.32e-07,0.5,1.5518527311188417e-11,0.49,0.1726382606767304,1.6666666666666667,1.0720035313649893e-06,1.8506882509416457e-07,1.56741742937789e-07,True
"M=0.5,Lc=0.3,λ=5.32e-07,d=0.1",0.5,0.3,5.32e-07,0.1,1.5518527311188417e-11,0.49,1.2765843668935803,0.33333333333333337,2.1440070627299786e-06,2.7370058987905145e-06,2.359317076189145e-06,True
"M=0.5,Lc=0.3,λ=5.32e-07,d=0.15",0.5,0.3,5.32e-07,0.15,1.5518527311188417e-11,0.49,0.9244190712276656,0.5,2.1440070627299786e-06,1.9819610176344025e-06,1.8928064605417966e-06,True
"M=0.5,Lc=0.3,λ=5.32e-07,d=0.2",0.5,0.3,5.32e-07,0.2,1.5518527311188417e-11,0.49,0.696769988598061,0.6666666666666667,2.1440070627299786e-06,1.4938797766525295e-06,1.372835942425976e-06,True
"M=0.5,Lc=0.3,λ=5.32e-07,d=0.25",0.5,0.3,5.32e-07,0.25,1.5518527311188417e-11,0.49,0.5375080569243935,0.8333333333333334,2.1440070627299786e-06,1.1524210703201672e-06,1.1813926901101435e-06,True
"M=0.5,Lc=0.3,λ=5.32e-07,d=0.3",0.5,0.3,5.32e-07,0.3,1.5518527311188417e-11,0.49,0.42102443824070834,1.0,2.1440070627299786e-06,9.026793691700004e-07,8.371070011953877e-07,True
"M=0.5,Lc=0.3,λ=5.32e-07,d=0.4",0.5,0.3,5.32e-07,0.4,1.5518527311188417e-11,0.49,0.2661369635941187,1.3333333333333335,2.1440070627299786e-06,5.705995295993017e-07,5.061307433886401e-07,True
"M=0.5,Lc=0.3,λ=5.32e-07,d=0.5",0.5,0.3,5.32e-07,0.5,1.5518527311188417e-11,0.49,0.1726382606767304,1.6666666666666667,2.1440070627299786e-06,3.7013765018832915e-07,4.1353699349473244e-07,True
"M=0.75,Lc=0.3,λ=5.32e-07,d=0.1",0.75,0.3,5.32e-07,0.1,1.5518527311188417e-11,0.49,1.2765843668935803,0.33333333333333337,3.216010594094967e-06,4.105508848185771e-06,4.031354720237121e-06,True
"M=0.75,Lc=0.3,λ=5.32e-07,d=0.15",0.75,0.3,5.32e-07,0.15,1.5518527311188417e-11,0.49,0.9244190712276656,0.5,3.216010594094967e-06,2.972941526451603e-06,2.989002118765479e-06,True
"M=0.75,Lc=0.3,λ=5.32e-07,d=0.2",0.75,0.3,5.32e-07,0.2,1.5518527311188417e-11,0.49,0.696769988598061,0.6666666666666667,3.216010594094967e-06,2.240819664978794e-06,1.9854113647139952e-06,True
"M=0.75,Lc=0.3,λ=5.32e-07,d=0.25",0.75,0.3,5.32e-07,0.25,1.5518527311188417e-11,0.49,0.5375080569243935,0.8333333333333334,3.216010594094967e-06,1.7286316054802501e-06,1.6533486308329158e-06,True
"M=0.75,Lc=0.3,λ=5.32e-07,d=0.3",0.75,0.3,5.32e-07,0.3,1.5518527311188417e-11,0.49,0.42102443824070834,1.0,3.216010594094967e-06,1.3540190537550001e-06,1.3660343577517207e-06,True
"M=0.75,Lc=0.3,λ=5.32e-07,d=0.4",0.75,0.3,5.32e-07,0.4,1.5518527311188417e-11,0.49,0.2661369635941187,1.3333333333333335,3.216010594094967e-06,8.558992943989523e-07,7.770885271370743e-07,True
"M=0.75,Lc=0.3,λ=5.32e-07,d=0.5",0.75,0.3,5.32e-07,0.5,1.5518527311188417e-11,0.49,0.1726382606767304,1.6666666666666667,3.216010594094967e-06,5.552064752824935e-07,5.718936730853989e-07,True
"M=1.0,Lc=0.3,λ=5.32e-07,d=0.1",1.0,0.3,5.32e-07,0.1,1.5518527311188417e-11,0.49,1.2765843668935803,0.33333333333333337,4.288014125459957e-06,5.474011797581029e-06,5.210979535605097e-06,True
"M=1.0,Lc=0.3,λ=5.32e-07,d=0.15",1.0,0.3,5.32e-07,0.15,1.5518527311188417e-11,0.49,0.9244190712276656,0.5,4.288014125459957e-06,3.963922035268805e-06,3.871421932680345e-06,True
"M=1.0,Lc=0.3,λ=5.32e-07,d=0.2",1.0,0.3,5.32e-07,0.2,1.5518527311188417e-11,0.49,0.696769988598061,0.6666666666666667,4.288014125459957e-06,2.987759553305059e-06,2.843939178987043e-06,True
"M=1.0,Lc=0.3,λ=5.32e-07,d=0.25",1.0,0.3,5.32e-07,0.25,1.5518527311188417e-11,0.49,0.5375080569243935,0.8333333333333334,4.288014125459957e-06,2.3048421406403344e-06,2.646378845907932e-06,True
"M=1.0,Lc=0.3,λ=5.32e-07,d=0.3",1.0,0.3,5.32e-07,0.3,1.5518527311188417e-11,0.49,0.42102443824070834,1.0,4.288014125459957e-06,1.8053587383400009e-06,1.8034093517300834e-06,True
"M=1.0,Lc=0.3,λ=5.32e-07,d=0.4",1.0,0.3,5.32e-07,0.4,1.5518527311188417e-11,0.49,0.2661369635941187,1.3333333333333335,4.288014125459957e-06,1.1411990591986034e-06,1.0446343618363192e-06,True
"M=1.0,Lc=0.3,λ=5.32e-07,d=0.5",1.0,0.3,5.32e-07,0.5,1.5518527311188417e-11,0.49,0.1726382606767304,1.6666666666666667,4.288014125459957e-06,7.402753003766583e-07,7.889880749270968e-07,True
"M=1.5,Lc=0.3,λ=5.32e-07,d=0.1",1.5,0.3,5.32e-07,0.1,1.5518527311188417e-11,0.49,1.2765843668935803,0.33333333333333337,6.432021188189934e-06,8.211017696371542e-06,7.409068191218351e-06,True
"M=1.5,Lc=0.3,λ=5.32e-07,d=0.15",1.5,0.3,5.32e-07,0.15,1.5518527311188417e-11,0.49,0.9244190712276656,0.5,6.432021188189934e-06,5.945883052903206e-06,6.045233333695783e-06,True
"M=1.5,Lc=0.3,λ=5.32e-07,d=0.2",1.5,0.3,5.32e-07,0.2,1.5518527311188417e-11,0.49,0.696769988598061,0.6666666666666667,6.432021188189934e-06,4.481639329957588e-06,3.7790365538837913e-06,True
"M=1.5,Lc=0.3,λ=5.32e-07,d=0.25",1.5,0.3,5.32e-07,0.25,1.5518527311188417e-11,0.49,0.5375080569243935,0.8333333333333334,6.432021188189934e-06,3.4572632109605003e-06,3.089912109827098e-06,True
"M=1.5,Lc=0.3,λ=5.32e-07,d=0.3",1.5,0.3,5.32e-07,0.3,1.5518527311188417e-11,0.49,0.42102443824070834,1.0,6.432021188189934e-06,2.7080381075100002e-06,2.7506867258000084e-06,True
"M=1.5,Lc=0.3,λ=5.32e-07,d=0.4",1.5,0.3,5.32e-07,0.4,1.5518527311188417e-11,0.49,0.2661369635941187,1.3333333333333335,6.432021188189934e-06,1.7117985887979046e-06,1.8129270727587492e-06,True
"M=1.5,Lc=0.3,λ=5.32e-07,d=0.5",1.5,0.3,5.32e-07,0.5,1.5518527311188417e-11,0.49,0.1726382606767304,1.6666666666666667,6.432021188189934e-06,1.110412950564987e-06,1.1256361152649395e-06,True
"M=2.0,Lc=0.3,λ=5.32e-07,d=0.1",2.0,0.3,5.32e-07,0.1,1.5518527311188417e-11,0.49,1.2765843668935803,0.33333333333333337,8.576028250919915e-06,1.0948023595162058e-05,1.0846733985215945e-05,True
"M=2.0,Lc=0.3,λ=5.32e-07,d=0.15",2.0,0.3,5.32e-07,0.15,1.5518527311188417e-11,0.49,0.9244190712276656,0.5,8.576028250919915e-06,7.92784407053761e-06,7.736875818722049e-06,True
"M=2.0,Lc=0.3,λ=5.32e-07,d=0.2",2.0,0.3,5.32e-07,0.2,1.5518527311188417e-11,0.49,0.696769988598061,0.6666666666666667,8.576028250919915e-06,5.975519106610118e-06,5.268724194371415e-06,True
"M=2.0,Lc=0.3,λ=5.32e-07,d=0.25",2.0,0.3,5.32e-07,0.25,1.5518527311188417e-11,0.49,0.5375080569243935,0.8333333333333334,8.576028250919915e-06,4.609684281280669e-06,4.3442239186880275e-06,True
"M=2.0,Lc=0.3,λ=5.32e-07,d=0.3",2.0,0.3,5.32e-07,0.3,1.5518527311188417e-11,0.49,0.42102443824070834,1.0,8.576028250919915e-06,3.6107174766800017e-06,3.4776585598207295e-06,True
"M=2.0,Lc=0.3,λ=5.32e-07,d=0.4",2.0,0.3,5.32e-07,0.4,1.5518527311188417e-11,0.49,0.2661369635941187,1.3333333333333335,8.576028250919915e-06,2.282398118397207e-06,2.4754200208002406e-06,True
"M=2.0,Lc=0.3,λ=5.32e-07,d=0.5",2.0,0.3,5.32e-07,0.5,1.5518527311188417e-11,0.49,0.1726382606767304,1.6666666666666667,8.576028250919915e-06,1.4805506007533166e-06,1.5212501419573497e-06,True
